Epoch,Train_Acc,Clean_Test_Acc,Train_Time,Clean_Test_Time
0,29.052,40.14,147.1653437614441,126.87544584274292
1,43.006,45.43,144.85427737236023,126.01160645484924
